{"x_train": [[0.0, 0.8, 0.0, 0.0, 0.0, 0.0, 0.0, 0.0], [0.0, -0.26666666666666666, 0.5166666666666666, -0.20000000000000007, 0.0, 0.0, 0.0, 0.0], [0.0, 0.16666666666666663, 0.0, 0.0, 0.0, 0.0, 0.0, 0.0], [0.13333333333333336, 0.0, 0.0, -0.41666666666666663, 0.0, 0.0, 0.0, 0.0], [0.0, 0.5666666666666667, 0.0, 0.0, 0.0, 0.0, 0.0, 0.0], [0.1166666666666667, 0.0, 0.033333333333333215, -0.8166666666666667, 0.0, 0.0, 0.0, 0.0], [0.0, 0.48333333333333334, 0.0, 0.0, 0.0, 0.0, 0.0, 0.0]], "y_train": [[0.5364947975775738, -6.4208], [-0.06968598406757243, 1.9016999999999982], [0.14947804360967765, -3.708099999999998], [0.2591978675684099, -2.1285999999999987], [0.25690103223328875, 4.0533], [0.3638187170831737, -3.7977000000000025], [0.15574840407455792, 1.3444000000000003]]}